name,followers,popularity,genres,image_url,external_url
Interpol,1169683.0,69.0,"['alternative dance', 'alternative rock', 'dance-punk', 'indie rock', 'modern alternative rock', 'modern rock', 'new rave', 'rock']",https://i.scdn.co/image/9cabfc9071803d3b17200b21fdb80c6a5553b8f7,https://open.spotify.com/artist/3WaJSfKnzc65VDgmj2zU8B
She Wants Revenge,195651.0,56.0,"['alternative dance', 'dance-punk', 'dark wave', 'indie rock', 'modern rock', 'new rave']",https://i.scdn.co/image/f5e30748dbcbc2f1b7146ebf31db857f5be355b9,https://open.spotify.com/artist/2zRt0sfxNnqI8gLR7d8gWt
Nightstalker,23011.0,38.0,"['greek metal', 'greek psychedelic rock', 'greek rock', 'retro metal', 'space rock', 'stoner metal', 'stoner rock']",https://i.scdn.co/image/39ebadfb4f9260c2432361af3e24233df53b5f23,https://open.spotify.com/artist/4lypnrJxM8l7ZLtLVucEvk
Cult Of Luna,82550.0,44.0,"['atmospheric sludge', 'drone metal', 'post-doom metal', 'post-metal', 'post-rock', 'progressive sludge', 'slayer', 'sludge metal', 'swedish doom metal', 'swedish progressive metal']",https://i.scdn.co/image/1249995c076b71e75f9a98ee459c6602e6acfcec,https://open.spotify.com/artist/7E7fJJpdVgr1F3pfAfRtHe
The Brian Jonestown Massacre,235384.0,61.0,"['alternative rock', 'bay area indie', 'chamber psych', 'garage rock', 'indie rock', 'neo-psychedelic', 'nu gaze', 'psychedelic rock', 'rock', 'shoegaze']",https://i.scdn.co/image/13987e674da6564bdeaa81cfc91a8976a30b67fc,https://open.spotify.com/artist/30uiS1n3uIGXJEYFR1GVDy
Lebanon Hanover,117082.0,54.0,"['dark post-punk', 'minimal wave']",https://i.scdn.co/image/3c28435011a15893faecdaaaa726a1ac26675fdc,https://open.spotify.com/artist/6w8h2uD28BEdg7bX4k3Lh7
Arctic Monkeys,9902073.0,87.0,"['garage rock', 'modern rock', 'permanent wave', 'rock', 'sheffield indie']",https://i.scdn.co/image/b435e99aa7f1e27db56b6a4dc9df85e5636b22d6,https://open.spotify.com/artist/7Ln80lUS6He07XvHI8qqHH
LEX,87732.0,52.0,['greek trap'],https://i.scdn.co/image/5f5e7bd97495cb823d4b7b6a3a9fcb0341f50b61,https://open.spotify.com/artist/3ObDUGvTK5W2QJqBQyIkm1
Queens of the Stone Age,2439312.0,74.0,"['alternative metal', 'alternative rock', 'blues rock', 'modern rock', 'nu metal', 'palm desert scene', 'rock', 'stoner metal', 'stoner rock']",https://i.scdn.co/image/bb87dad4464becc47d17eeeb1ccc0dd1d0bf22d9,https://open.spotify.com/artist/4pejUc4iciQfgdX6OKulQn
Devendra Banhart,490392.0,64.0,['freak folk'],https://i.scdn.co/image/290bc6969543b974e2f36c9e9d15791b80e423a1,https://open.spotify.com/artist/1YZEoYFXx4AxVv13OiOPvZ
Boris Brejcha,659516.0,67.0,"['german house', 'german techno', 'minimal techno', 'tech house']",https://i.scdn.co/image/abd6b33807ae11750e33af2f5c53aeca50575493,https://open.spotify.com/artist/6caPJFLv1wesmM7gwK1ACy
...And You Will Know Us by the Trail of Dead,56525.0,43.0,"['alternative rock', 'dance-punk', 'double drumming', 'indie rock', 'modern rock', 'post-hardcore']",https://i.scdn.co/image/67294f4fa987208693b5185267e59e1926045a87,https://open.spotify.com/artist/6wBUn8gMP85n8dPu6LoUcF
The Soft Moon,71408.0,46.0,"['dark post-punk', 'grave wave', 'nu gaze']",https://i.scdn.co/image/6c92ef3c7f47496f7c85ec2adb373235ef293b26,https://open.spotify.com/artist/40HeNm05FEAxGx8gUOV4my
Amenra,53739.0,40.0,"['atmospheric sludge', 'belgian metal', 'drone metal', 'post-doom metal', 'post-metal', 'post-rock']",https://i.scdn.co/image/a38a2cd27d791a6ff32213bc3177d48ef1adb917,https://open.spotify.com/artist/0N1jE1EIrhZjvQSfuLupUu
The Black Keys,3322505.0,76.0,"['alternative rock', 'blues rock', 'garage rock', 'modern alternative rock', 'modern blues rock', 'modern rock', 'punk blues', 'rock']",https://i.scdn.co/image/11e05be425a0a64fa65db3deb6f4e2d12f8c04d4,https://open.spotify.com/artist/7mnBLXK823vNxN3UWB7Gfz
Steak Number Eight,10324.0,30.0,"['atmospheric sludge', 'belgian metal', 'belgian rock']",https://i.scdn.co/image/78e62f9152573546b7c93c2a90a19e699481be4c,https://open.spotify.com/artist/5IhRC86twNb6XePyW4i05E
Cigarettes After Sex,1794989.0,76.0,"['ambient pop', 'dream pop', 'el paso indie', 'shoegaze']",https://i.scdn.co/image/d34e8cb22455b5d6f49fdeefa7263a2954a9909b,https://open.spotify.com/artist/1QAJqy2dA3ihHBFIHRphZj
99 Problems,388.0,0.0,[],https://i.scdn.co/image/ab67616d00001e023b5cee158ec7db3e9e930d1d,https://open.spotify.com/artist/6rXh58wzX3Q6djfgLu1zw9
If These Trees Could Talk,99931.0,47.0,"['american post-rock', 'instrumental post-rock', 'post-metal', 'post-rock']",https://i.scdn.co/image/77c49d19e75a90ffe530b8bcdefdb0ce4dfc746e,https://open.spotify.com/artist/2GVzsXcXyU95u2EahzwqN7
Radiohead,5582080.0,82.0,"['alternative rock', 'art rock', 'melancholia', 'oxford indie', 'permanent wave', 'rock']",https://i.scdn.co/image/563754af10b3d9f9f62a3458e699f58c4a02870f,https://open.spotify.com/artist/4Z8W4fKeB5YxbusRsdQVPb
She Past Away,81913.0,50.0,"['dark post-punk', 'gothic post-punk']",https://i.scdn.co/image/165f89e55bc6fae436edd73e937a7a9617ced59f,https://open.spotify.com/artist/6paE8ghTau4qwwNzVRSgjR
Slint,93131.0,47.0,"['alternative rock', 'art rock', 'experimental', 'experimental rock', 'freak folk', 'indie rock', 'lo-fi', 'louisville underground', 'math rock', 'post-hardcore', 'post-punk', 'post-rock', 'slowcore']",https://i.scdn.co/image/147651856105c2c26b25aa221c27dd8141df25ba,https://open.spotify.com/artist/4IwOItqRhsIoRuD5HP4vyC
Muse,6061037.0,80.0,"['modern rock', 'permanent wave', 'rock']",https://i.scdn.co/image/17f00ec7613d733f2dd88de8f2c1628ea5f9adde,https://open.spotify.com/artist/12Chz98pHFMPJEknJQMWvI
Mogwai,427554.0,58.0,"['british post-rock', 'chamber psych', 'cosmic post-rock', 'post-rock']",https://i.scdn.co/image/7c157bc82e38ba46af8ed23f30f3a3b83db8e820,https://open.spotify.com/artist/34UhPkLbtFKRq3nmfFgejG
Refused,148313.0,55.0,"['hardcore punk', 'post-hardcore', 'swedish hardcore', 'swedish post-hardcore', 'vegan straight edge']",https://i.scdn.co/image/442b898a6bca84bda0768ea062c6dbafdf13b383,https://open.spotify.com/artist/5sdxGvwxI1TkTA6Pu2jnTb
dEUS,88875.0,50.0,"['belgian indie', 'belgian indie rock', 'belgian rock']",https://i.scdn.co/image/a4b3449ad92f952b5262772c986ceaeb20c2886a,https://open.spotify.com/artist/3zMir00BoCKhwNTjlT61KN
The Dø,280858.0,56.0,"['french indie pop', 'french indietronica', 'french rock', 'rock independant francais']",https://i.scdn.co/image/0d94f0d43132aa9762a9958e4eba50c049d956ce,https://open.spotify.com/artist/2mcNCn1qbZUQ3J9KHapUxj
Anser,19838.0,39.0,"['greek trap', 'greek underground rap']",https://i.scdn.co/image/ab67616d00001e02ad1bef56770866092570e2ef,https://open.spotify.com/artist/3peCLl6eMLh8lJyRUt4jc8
Joy Division,1476422.0,69.0,"['alternative rock', 'dance rock', 'madchester', 'new wave', 'post-punk', 'rock', 'uk post-punk']",https://i.scdn.co/image/d3c6bcb07a5ecddf86e791fa901bf3792fe6e6c7,https://open.spotify.com/artist/432R46LaYsJZV2Gmc4jUV5
Terror X Crew,8631.0,28.0,"['greek hip hop', 'greek underground rap']",https://i.scdn.co/image/f341cbc3245cd83578ce3d679ad1cd507a982e4b,https://open.spotify.com/artist/6BcH8kXMcqk9uQvqJdCWCp
Active Member,18846.0,37.0,"['greek hip hop', 'greek indie', 'greek underground rap']",https://i.scdn.co/image/3f2866ea9bfc0ade1659adfafdc6f934e30ac9af,https://open.spotify.com/artist/1AzK88tl7G5fAVWZHUSyjP
Black Rebel Motorcycle Club,429621.0,59.0,"['alternative rock', 'blues rock', 'dance-punk', 'garage rock', 'garage rock revival', 'indie rock', 'modern alternative rock', 'modern blues rock', 'modern rock', 'permanent wave', 'rock']",https://i.scdn.co/image/bf6ce53a5908d07cae0bfedecef3fe0f493fed2f,https://open.spotify.com/artist/1tpXaFf2F55E7kVJON4j4G
Placebo,1315269.0,70.0,"['alternative rock', 'britpop', 'modern rock', 'permanent wave', 'rock']",https://i.scdn.co/image/3b0a2fa5a39b6b08dc9aac023364e5ddd5064392,https://open.spotify.com/artist/6RZUqkomCmb8zCRqc9eznB
Fugazi,302609.0,59.0,"['alternative rock', 'dc hardcore', 'indie rock', 'noise rock', 'post-hardcore', 'post-punk', 'punk']",https://i.scdn.co/image/4d6612201d8bbf1a8e5b3ef6ced9d5b0e92d1dd3,https://open.spotify.com/artist/62sC6lUEWRjbFqXpMmOk4G
Kyuss,314757.0,56.0,"['alternative metal', 'alternative rock', 'grunge', 'palm desert scene', 'rock', 'space rock', 'stoner metal', 'stoner rock']",https://i.scdn.co/image/51c11e89904ae527e726560fc37bdecd64720b98,https://open.spotify.com/artist/3HCpwNmFp2rvjkdjTs4uxs
Converge,140922.0,48.0,"['boston hardcore', 'chaotic hardcore', 'mathcore', 'melodic hardcore', 'metalcore', 'post-hardcore', 'screamo']",https://i.scdn.co/image/a004600ab5925378fd476348ee1cb5309794e4dc,https://open.spotify.com/artist/7kHzfxMLtVHHb523s43rY1
ISIS,104148.0,44.0,"['alternative metal', 'atmospheric post-metal', 'atmospheric sludge', 'drone metal', 'post-doom metal', 'post-metal', 'post-rock', 'sludge metal', 'stoner metal']",https://i.scdn.co/image/b064e3c3ac7e435d960b204dd3b5ee4b14397e46,https://open.spotify.com/artist/2vsXeWGC8rILp3rpSN2Fyk
Drums Are For Parades,1171.0,5.0,"['belgian stoner rock', 'ghent indie']",https://i.scdn.co/image/ab67616d00001e0200d641044d39fcd4956ef7ed,https://open.spotify.com/artist/5Py9D7NPEt8HhERfcOl2w7
Midwife,3717.0,27.0,['experimental guitar'],https://i.scdn.co/image/7eb4c34625aa0ff69aa7a5099167a33f236989d7,https://open.spotify.com/artist/5vjIHa1u3TnOlDvVDR9qQa
Pixies,1689521.0,73.0,"['alternative rock', 'art rock', 'boston rock', 'modern rock', 'permanent wave', 'rock']",https://i.scdn.co/image/a4b080920a9053b87543a45447642645a887ec17,https://open.spotify.com/artist/6zvul52xwTWzilBZl6BUbT
Nirvana,11469443.0,84.0,"['alternative rock', 'grunge', 'permanent wave', 'rock']",https://i.scdn.co/image/a4e10b79a642e9891383448cbf37d7266a6883d6,https://open.spotify.com/artist/6olE6TJLqED3rqDCT0FyPh
Knut,3526.0,13.0,"['mathcore', 'post-metal', 'sludge metal', 'sludgecore']",https://i.scdn.co/image/ab67616d00001e0293bc50adddf6adb0affb18b6,https://open.spotify.com/artist/3obp4XiSFdx8FcWTBXpZ9O
Colour Haze,68093.0,44.0,"['german stoner rock', 'neo-psychedelic', 'psychedelic doom', 'retro metal', 'space rock', 'stoner metal', 'stoner rock']",https://i.scdn.co/image/ab67616d00001e02c9b05526dba5e4d1f27d8309,https://open.spotify.com/artist/5UzFfn3lNMWSm4PHCzBDi8
1000mods,68278.0,47.0,"['greek metal', 'greek psychedelic rock', 'greek rock', 'instrumental stoner rock', 'modern blues rock', 'psychedelic doom', 'retro metal', 'space rock', 'stoner metal', 'stoner rock']",https://i.scdn.co/image/7a6ea9ac83640afefb996085f48ea4e1cd10cadd,https://open.spotify.com/artist/7EgAHTw2PMP7a1tAEtue89
Kylesa,69268.0,42.0,"['doom metal', 'double drumming', 'drone metal', 'gaian doom', 'post-doom metal', 'progressive sludge', 'psychedelic doom', 'sludge metal', 'stoner metal', 'stoner rock']",https://i.scdn.co/image/6b74855ffb2b466578cd98c8d33a628be624d6eb,https://open.spotify.com/artist/7mO0JGOATH8fVHvgCdZsXh
Sonic Youth,698245.0,64.0,"['alternative rock', 'art rock', 'blues rock', 'dance rock', 'indie rock', 'modern alternative rock', 'modern rock', 'new wave', 'noise pop', 'noise rock', 'post-punk', 'punk', 'rock']",https://i.scdn.co/image/a6f14050fe0b0e188d23298efffd3ff06511e99c,https://open.spotify.com/artist/5UqTO8smerMvxHYA5xsXb6
Bauhaus,407381.0,57.0,"['alternative rock', 'dance rock', 'dark wave', 'gothic rock', 'new wave', 'post-punk', 'uk post-punk']",https://i.scdn.co/image/7cfcb4df12bb3a2442e240e06cf901859b1046ea,https://open.spotify.com/artist/5N5tQ9Dx1h8Od7aRmGj7Fi
Quicksand,43628.0,40.0,"['alternative metal', 'emo', 'emo punk', 'grunge', 'hardcore', 'melodic hardcore', 'nyhc', 'post-hardcore']",https://i.scdn.co/image/aff2458d313e214eecbdb5bf7916340c46cfcb8c,https://open.spotify.com/artist/1GDjwZ2zwNZizuNJPmH3mE
Break My Fucking Sky,5155.0,28.0,['russian post-rock'],https://i.scdn.co/image/47492a0be12c4175b2e65bd7289a4c87b2a55758,https://open.spotify.com/artist/3mFTiX7WrhpcmoJLghp54A
Boy Harsher,114436.0,55.0,"['dark post-punk', 'grave wave', 'western mass indie']",https://i.scdn.co/image/b5bf112baee665e78c59c0b73ad75c3ef032d0aa,https://open.spotify.com/artist/4iom7VVRU6AHRIu1JUXpLG
