name,followers,popularity,genres,image_url,external_url
Cult Of Luna,82550,44,"['atmospheric sludge', 'drone metal', 'post-doom metal', 'post-metal', 'post-rock', 'progressive sludge', 'slayer', 'sludge metal', 'swedish doom metal', 'swedish progressive metal']",https://i.scdn.co/image/1249995c076b71e75f9a98ee459c6602e6acfcec,https://open.spotify.com/artist/7E7fJJpdVgr1F3pfAfRtHe
LEX,87732,52,['greek trap'],https://i.scdn.co/image/5f5e7bd97495cb823d4b7b6a3a9fcb0341f50b61,https://open.spotify.com/artist/3ObDUGvTK5W2QJqBQyIkm1
If These Trees Could Talk,99931,47,"['american post-rock', 'instrumental post-rock', 'post-metal', 'post-rock']",https://i.scdn.co/image/77c49d19e75a90ffe530b8bcdefdb0ce4dfc746e,https://open.spotify.com/artist/2GVzsXcXyU95u2EahzwqN7
She Wants Revenge,195651,56,"['alternative dance', 'dance-punk', 'dark wave', 'indie rock', 'modern rock', 'new rave']",https://i.scdn.co/image/f5e30748dbcbc2f1b7146ebf31db857f5be355b9,https://open.spotify.com/artist/2zRt0sfxNnqI8gLR7d8gWt
Anser,19838,39,"['greek trap', 'greek underground rap']",https://i.scdn.co/image/ab67616d00001e02ad1bef56770866092570e2ef,https://open.spotify.com/artist/3peCLl6eMLh8lJyRUt4jc8
Radiohead,5582080,82,"['alternative rock', 'art rock', 'melancholia', 'oxford indie', 'permanent wave', 'rock']",https://i.scdn.co/image/563754af10b3d9f9f62a3458e699f58c4a02870f,https://open.spotify.com/artist/4Z8W4fKeB5YxbusRsdQVPb
Boy Harsher,114436,55,"['dark post-punk', 'grave wave', 'western mass indie']",https://i.scdn.co/image/b5bf112baee665e78c59c0b73ad75c3ef032d0aa,https://open.spotify.com/artist/4iom7VVRU6AHRIu1JUXpLG
RNS,27551,35,"['greek hip hop', 'greek underground rap']",https://i.scdn.co/image/b015685931c53d41e904c1c8ea8041215825dd9d,https://open.spotify.com/artist/7FqnImvZxoX6EIrUgR0IIk
Muse,6061037,80,"['modern rock', 'permanent wave', 'rock']",https://i.scdn.co/image/17f00ec7613d733f2dd88de8f2c1628ea5f9adde,https://open.spotify.com/artist/12Chz98pHFMPJEknJQMWvI
Arctic Monkeys,9902073,87,"['garage rock', 'modern rock', 'permanent wave', 'rock', 'sheffield indie']",https://i.scdn.co/image/b435e99aa7f1e27db56b6a4dc9df85e5636b22d6,https://open.spotify.com/artist/7Ln80lUS6He07XvHI8qqHH
Interpol,1169683,69,"['alternative dance', 'alternative rock', 'dance-punk', 'indie rock', 'modern alternative rock', 'modern rock', 'new rave', 'rock']",https://i.scdn.co/image/9cabfc9071803d3b17200b21fdb80c6a5553b8f7,https://open.spotify.com/artist/3WaJSfKnzc65VDgmj2zU8B
Bauhaus,407381,57,"['alternative rock', 'dance rock', 'dark wave', 'gothic rock', 'new wave', 'post-punk', 'uk post-punk']",https://i.scdn.co/image/7cfcb4df12bb3a2442e240e06cf901859b1046ea,https://open.spotify.com/artist/5N5tQ9Dx1h8Od7aRmGj7Fi
She Past Away,81913,50,"['dark post-punk', 'gothic post-punk']",https://i.scdn.co/image/165f89e55bc6fae436edd73e937a7a9617ced59f,https://open.spotify.com/artist/6paE8ghTau4qwwNzVRSgjR
Lebanon Hanover,117082,54,"['dark post-punk', 'minimal wave']",https://i.scdn.co/image/3c28435011a15893faecdaaaa726a1ac26675fdc,https://open.spotify.com/artist/6w8h2uD28BEdg7bX4k3Lh7
Placebo,1315269,70,"['alternative rock', 'britpop', 'modern rock', 'permanent wave', 'rock']",https://i.scdn.co/image/3b0a2fa5a39b6b08dc9aac023364e5ddd5064392,https://open.spotify.com/artist/6RZUqkomCmb8zCRqc9eznB
Pixies,1689521,73,"['alternative rock', 'art rock', 'boston rock', 'modern rock', 'permanent wave', 'rock']",https://i.scdn.co/image/a4b080920a9053b87543a45447642645a887ec17,https://open.spotify.com/artist/6zvul52xwTWzilBZl6BUbT
Deftones,1737232,75,"['alternative metal', 'nu metal', 'rap metal', 'rock', 'sacramento indie']",https://i.scdn.co/image/030034c549be30e5ede9c44f28190c30c71e2c62,https://open.spotify.com/artist/6Ghvu1VvMGScGpOUJBAHNH
Tom Waits,1004793,66,"['folk', 'folk rock', 'roots rock', 'singer-songwriter']",https://i.scdn.co/image/2a9b59cae0999fd765bc588d379b97da47ef908f,https://open.spotify.com/artist/7x83XhcMbOTl1UdYsPTuZM
Nine Inch Nails,1616755,70,"['alternative metal', 'alternative rock', 'cyberpunk', 'electronic rock', 'industrial', 'industrial metal', 'industrial rock', 'nu metal', 'rock']",https://i.scdn.co/image/3afed3f5f7d15ef0f3d1b0ee0672df9e9251932a,https://open.spotify.com/artist/0X380XXQSNBYuleKzav5UO
Siouxsie and the Banshees,518318,62,"['alternative rock', 'dance rock', 'gothic rock', 'new romantic', 'new wave', 'new wave pop', 'post-punk', 'punk', 'uk post-punk']",https://i.scdn.co/image/f9583d2a331faaba5174ef195f1d46d1c9639af9,https://open.spotify.com/artist/1n65zfwYIj5kKEtNgxUlWb
Molchat Doma,304072,69,"['belarusian indie', 'russian post-punk', 'sovietwave']",https://i.scdn.co/image/8fdb88a6ea43cf9db50bbb9f3c211c76fd496820,https://open.spotify.com/artist/1nVq0hKIVReeaiB3xJgKf0
Morphine,206815,55,"['alternative rock', 'boston rock']",https://i.scdn.co/image/37cd9d0ba36b8c0c87397c60bd2fc39c1c2b07fb,https://open.spotify.com/artist/3QgSmABpItIdj908ek80n5
Screamin' Jay Hawkins,69803,58,"['blues', 'traditional blues']",https://i.scdn.co/image/cfffe1cd88d9aea250d34816e557a6378f15d36d,https://open.spotify.com/artist/3VBpsrUi2vV7Uj87ONHu7Z
The Soft Moon,71408,46,"['dark post-punk', 'grave wave', 'nu gaze']",https://i.scdn.co/image/6c92ef3c7f47496f7c85ec2adb373235ef293b26,https://open.spotify.com/artist/40HeNm05FEAxGx8gUOV4my
Ofenbach,359788,76,"['francoton', 'new french touch', 'pop dance', 'tropical house']",https://i.scdn.co/image/0560cfb4dd82d47dee9b82fbec8bd8b7839a3391,https://open.spotify.com/artist/4AKwRarlmsUlLjIwt38NLw
The Stooges,408087,58,"['alternative rock', 'blues rock', 'classic rock', 'dance rock', 'folk rock', 'garage rock', 'new wave', 'permanent wave', 'post-punk', 'protopunk', 'psychedelic rock', 'punk', 'punk blues', 'rock']",https://i.scdn.co/image/0ca5b7b25505a312622da1ed90ab412c0bbf6717,https://open.spotify.com/artist/4BFMTELQyWJU1SwqcXMBm3
Queens of the Stone Age,2439312,74,"['alternative metal', 'alternative rock', 'blues rock', 'modern rock', 'nu metal', 'palm desert scene', 'rock', 'stoner metal', 'stoner rock']",https://i.scdn.co/image/bb87dad4464becc47d17eeeb1ccc0dd1d0bf22d9,https://open.spotify.com/artist/4pejUc4iciQfgdX6OKulQn
FF.C,10070,27,['greek hip hop'],https://i.scdn.co/image/ab67616d00001e0289e5503c0ae65ad2e61513c6,https://open.spotify.com/artist/5JKxm6ng0oqEUkLXIyYsPD
Crystal Castles,798132,66,"['alternative dance', 'bitpop', 'dance-punk', 'digital hardcore', 'electropop', 'indietronica', 'neo-synthpop', 'new rave', 'nintendocore', 'nu gaze']",https://i.scdn.co/image/d90a0865e8bca5e5084049e8adc3485b3880848e,https://open.spotify.com/artist/7K3zpFXBvPcvzhj7zlGJdO
Curtis Mayfield,737317,65,"['chicago soul', 'classic soul', 'disco', 'funk', 'soul']",https://i.scdn.co/image/78c49b8942a8901565ddd80c5076f8925be86170,https://open.spotify.com/artist/2AV6XDIs32ofIJhkkDevjm
The Meters,173435,59,"['afrobeat', 'classic soul', 'funk', 'instrumental soul', 'jazz funk', 'modern funk', 'new orleans funk', 'soul', 'soul jazz', 'southern soul']",https://i.scdn.co/image/126f45bb09f1174ff5a44c986e3b00c33e5a0d5d,https://open.spotify.com/artist/2JRvXPGWiINrnJljNJhG5s
Parliament,490589,59,"['afrofuturism', 'funk', 'funk rock', 'motown', 'p funk', 'soul']",https://i.scdn.co/image/3680edca0e7a3a47d05fb4fac8eecb3527b86a0c,https://open.spotify.com/artist/5SMVzTJyKFJ7TUb46DglcH
